<?xml version="1.0" encoding="ISO-8859-1"?>
<!--
 Copyright (c) 2019 SAP SE or an SAP affiliate company. All rights reserved.
-->
<!--
	ATTENTION: This is just an example file. You have to edit it according to your needs.
-->

<items 	xmlns:xsi="http://www.w3.org/2001/XMLSchema-instance" 
			xsi:noNamespaceSchemaLocation="items.xsd">

	<maptypes>
		<maptype code="weatherMap" argumenttype="java.lang.String" returntype="java.lang.Double" autocreate="true" />
	</maptypes>

	<itemtypes>
		<itemtype code="WeatherComponent" extends="SimpleCMSComponent" generate="true" autocreate="true" jaloclass="com.hybris.cxtech.weather.jalo.WeatherComponent">
			<attributes>
				<attribute qualifier="location" type="java.lang.String">
					<description>Location to be used for the weather component</description>
					<modifiers optional="false" />
					<persistence type="property" />
					<defaultvalue>London</defaultvalue>
				</attribute>
				<attribute qualifier="weather" type="weatherMap">
					<description>Weather data</description>
					<modifiers optional="true" />
					<persistence type="property" />
				</attribute>
			</attributes>
		</itemtype>
	</itemtypes>
</items>
